"city","country","region","host","telegram","CITY-REGISTARTION-LINK","Party-Drive-Link","coordinates"
"Faryab","Afghanistan","Middle East","","","https://app.unlock-protocol.com/event/global-pizza-party-faryab-1","","[64.905955,36.0795613]"
"Kabul","Afghanistan","Middle East","","WhatsApp","https://app.unlock-protocol.com/event/global-pizza-party-kabul","","[69.207486,34.5553494]"
"Mazar-e-Sharif","Afghanistan","Middle East","","https://t.me/+Q8ChxoCFslAzMzFh","https://app.unlock-protocol.com/event/global-pizza-party-mazar-e-sharif","","[67.1138395,36.7062182]"
"Sheberghan","Afghanistan","Middle East","","","https://app.unlock-protocol.com/event/global-pizza-party-sheberghan","","[65.7490624,36.6817149]"
"Tirana","Albania","Eastern Europe","https://t.me/Tahear92","https://t.me/+De-WOUKfhihlYmVk","https://app.unlock-protocol.com/event/global-pizza-party-tirana-4","https://drive.google.com/drive/folders/1ri7WX4-x1YB5Tmkclik4rPgvbqgqXGsv","[19.8186982,41.3275459]"
"Antigua","Antigua","Central America","","https://t.me/+WBvUDAd8CY9kOWFh","https://app.unlock-protocol.com/event/global-pizza-party-near-antigua-1","","[-61.796428,17.060816]"
"Buenos Aires","Argentina","South America","https://x.com/Musica_W3","https://t.me/+Am905YSPAo1jMTkx","https://app.unlock-protocol.com/event/global-pizza-party-buenos-aires","https://drive.google.com/drive/folders/1jyJ2XrTWCaRaG6doao3-HxAWcgh2VNf1?usp=drive_link","[-58.3821215,-34.6036739]"
"Córdoba","Argentina","South America","https://x.com/alesarramea2","https://t.me/+oK58UluVeuFhZjgx","https://app.unlock-protocol.com/event/global-pizza-party-crdoba-10","https://drive.google.com/drive/folders/1I0-ZM5sNh0ajsTMo4lBx611Ah39TiNp5?usp=drive_link","[-64.1887761,-31.4200833]"
"Gualeguaychú Entre Ríos","Argentina","South America","https://x.com/MimiBlockchain","https://t.me/+kK8avIREGho1MWQ5","https://app.unlock-protocol.com/event/global-pizza-party-gualeguaych-entre-ros","https://drive.google.com/drive/folders/1vk88RnS8qXRJeDJmRDvLH8vYl24hFQbv?usp=drive_link","[-58.5285175,-33.0093109]"
"La Plata","Argentina","South America","https://x.com/CriptoLaPlata_","https://t.me/+tPDvp05Fw0BmYzZh","https://app.unlock-protocol.com/event/global-pizza-party-la-plata-2025","https://drive.google.com/drive/folders/1_Y6AssMuuPORomFEYvihBdlbMzqaHcy2?usp=drive_link","[-57.9535657,-34.9204948]"
"Mendoza","Argentina","South America","https://x.com/juanlencioni","https://t.me/+aM2DNNqo31VkZTc5","https://app.unlock-protocol.com/event/global-pizza-party-mendoza","https://drive.google.com/drive/folders/1rqdSTucwlvRs4WGsawxQgPg6yLE3F_c_?usp=drive_link","[-68.8458386,-32.8894587]"
"Misiones","Argentina","South America","https://x.com/braian_javierA","https://t.me/+yISwTIJCl0QxYjcx","https://app.unlock-protocol.com/event/global-pizza-party-misiones","https://drive.google.com/drive/folders/1z-_SWDwz33sL32YkGecju09w4oV4wTDP?usp=drive_link","[-54.4342138,-26.9377146]"
"Rosario ","Argentina","South America","https://x.com/Manurina","https://t.me/+ktLf9LALBGZlYjU5","https://app.unlock-protocol.com/event/global-pizza-party-rosario-1","https://drive.google.com/drive/folders/1-uDicWuRByvKiUUwdAyuh58WHWgAGt6D?usp=drive_link","[-60.6930416,-32.9587022]"
"Gyumri","Armenia","Middle East","","https://t.me/+pujGWaWqnEI2NGYx","https://app.unlock-protocol.com/event/global-pizza-party-gyumri-8","","[43.8464971,40.7929026]"
"Vanadzor","Armenia","Middle East","","https://t.me/+vgsVb0Gw_Bs0Mjdh","https://app.unlock-protocol.com/event/global-pizza-party-vanadzor-101","","[44.4970268,40.807399]"
"Yerevan","Armenia","Middle East","https://t.me/mandarina_meta","https://t.me/+TBASb-ziPXBiZjAy","https://app.unlock-protocol.com/event/global-pizza-party-yerevan-3","","[44.515209,40.1872023]"
"Adelaide","Australia","Oceania","","https://t.me/+GDtIMwgyoZ5mOTUx","","","[138.6007456,-34.9284989]"
"Brisbane","Australia","Oceania","","https://t.me/+MUqLxsm0M4s4ZDkx","https://app.unlock-protocol.com/event/global-pizza-party-brisbane-2","","[153.0260341,-27.4704528]"
"Gold Coast (Queensland)","Australia","Oceania","","https://t.me/+3ZfOj2tI3NowMjFh","","","[153.380936,-27.9769248]"
"Melbourne","Australia","Oceania","https://t.me/GT_Sewell","https://t.me/+VMUXCL1IsntlMjc5","https://app.unlock-protocol.com/event/global-pizza-party-melbourne","https://drive.google.com/drive/folders/1kuGiBglP40fXWm7prhIouJM2pXS4dZYM?usp=share_link","[144.9630576,-37.8136276]"
"Perth","Australia","Oceania","https://t.me/Callan333","https://t.me/+jbMQUJtjAG0yMDY5","","","[115.8616783,-31.9513993]"
"Sydney","Australia","Oceania","@mustbesimo + https://t.me/amanda_t_a","https://t.me/+j_xPt-6TXgQ0NmRh","https://app.unlock-protocol.com/event/bitcoin-pizza-day-sydney","https://drive.google.com/drive/folders/1IyHOUTdsM36apUwiBqdyY_HYi7FJm-7H?usp=share_link","[151.2057136,-33.8727409]"
"Innsbruck","Austria","Western Europe","https://t.me/carlosjmelgar","https://t.me/+mE-D2SOrAps1M2E5","","https://drive.google.com/drive/folders/1iZVqTV60DVGY2nzOoQaFInJySjQFNQEb?usp=share_link","[11.3910349,47.2675322]"
"Linz","Austria","Western Europe","","https://t.me/+oo5s3q_J5Hc5ZGMx","","","[14.285918,48.3069096]"
"Vienna","Austria","Western Europe","@GeorgBrameshuber","https://t.me/+Z8xFwfPs8MxkZjNh","https://app.unlock-protocol.com/event/global-pizza-party-vienna","https://drive.google.com/drive/folders/1uvJM2ddRnXtLCy0z5TvkN_rZbcG7Uvca?usp=share_link","[16.3713095,48.2080696]"
"Nassau","Bahamas","North America","","https://t.me/+4HAbUBUVpMY1ZTYx","","","[-77.3503609,25.0443312]"
"Dhaka","Bangladesh","Asia","","https://t.me/+bH7zVshRZB9iYWEx","","","[90.4152376,23.804093]"
"Antwerp","Belgium","Western Europe","@AMERICANxRADASS","https://t.me/+Ce_3l8rwPfViY2Qx","https://app.unlock-protocol.com/event/global-pizza-party-antwerp","https://drive.google.com/drive/folders/1KkhoBqlX_ynzVS0S92wIViiHQgp8qRjy?usp=sharing","[4.4149903,51.2199302]"
"Bruges","Belgium","Western Europe","","https://t.me/+IWXHcddW5GI5Y2Ex","","","[3.2250586,51.2084508]"
"Brussels","Belgium","Western Europe"," @MRN_S ","https://t.me/+18lGeHKKqiw4ZGJh","https://app.unlock-protocol.com/event/global-pizza-party-brussels-7","","[4.3802052,50.8260453]"
"Mechelen","Belgium","Western Europe","https://t.me/exwhyzee0","https://t.me/+ZjQb1HSSQxwxMjJk","https://app.unlock-protocol.com/event/global-pizza-party-mechelen-1","","[4.4793443,51.0279827]"
"Belize City","Belize","","","https://t.me/+79hCpu3tacA5NGMx","https://app.unlock-protocol.com/event/global-pizza-party-belize-city-10","","[-88.1962133,17.5045661]"
"Calavi","Benin","Africa","","https://t.me/+NfSwNeX1R2Y1Yzdh","https://app.unlock-protocol.com/event/global-pizza-party-calavi","","[2.3468195,6.4503024]"
"Thimphu","Bhutan","Asia","","https://t.me/+7ws-r97knwpiNmY5","","","[89.6386108,27.471586]"
"Cochabamba","Bolivia","South America","https://twitter.com/FavioMontealeg1","https://t.me/+Vqhstej8FqQyMjIx","https://app.unlock-protocol.com/event/global-pizza-party-cochabamba-2025-3","https://drive.google.com/drive/folders/12ezUU0AgARr57ZHUesQhF5Gom-vwpIeC?usp=sharing","[-66.1595813,-17.3820091]"
"La Paz","Bolivia","South America","https://x.com/Trin_D3","https://t.me/+tiNxBYnwRx83MDIx","https://app.unlock-protocol.com/event/global-pizza-party-la-paz","https://drive.google.com/drive/folders/1Pp-EHYLOSlMZ0gAcGAIOiTrwaHaqbY_h?usp=drive_link","[-68.1212091,-16.494359]"
"Mostar","Bosnia","Eastern Europe","https://t.me/sanjindumisic","https://t.me/+UdDKCH4OpTg1NDIx","","","[17.8077578,43.3437748]"
"Francistown","Botswana","Africa","https://t.me/Alytos","https://t.me/+KLqD4B7ryLAyZjA0","https://app.unlock-protocol.com/event/francistown-pizza-party","","[27.5143603,-21.1661005]"
"Gaborone","Botswana","Africa","","https://t.me/+ymH9l-lc8oNlYmUx","https://app.unlock-protocol.com/event/global-pizza-party-gaborone","https://drive.google.com/drive/folders/1eGI6NjtaU8bTOzmUUGH0keL4Tdn6YaLn?usp=sharing","[25.9077037,-24.6580003]"
"Belo Horizonte","Brazil","South America","https://x.com/verbersouza","https://t.me/+MBnpRab-Wbw2MWI5","https://app.unlock-protocol.com/event/global-pizza-party-belo-horizonte-br-1","https://drive.google.com/drive/folders/1EidohvnoLkn5stGVxMWMsufnyXCrdTLZ?usp=drive_link","[-43.9386685,-19.919052]"
"Brasilia","Brazil","South America","https://x.com/mrtechnocoins","https://t.me/+wGJjX7piV4gzM2Nh","https://app.unlock-protocol.com/event/global-pizza-party-brasilia","https://drive.google.com/drive/folders/1jzZkO6c5fDbH-frsjG2J4ZV_175n6eNI?usp=drive_link","[-47.8918874,-15.7975154]"
"Campinas","Brazil","South America","","","https://app.unlock-protocol.com/event/global-pizza-party-campinas","","[-47.0613327,-22.9050824]"
"Curitiba","Brazil","South America","https://x.com/RahGoldman","https://t.me/+TuwveySkWm4xYTgx","https://app.unlock-protocol.com/event/global-pizza-party-curitiba","https://drive.google.com/drive/folders/1-ChM5Q7WxVgIfPtqrdidEdO0uks7l78b?usp=drive_link","[-49.2651984,-25.4268985]"
"Florianopolis","Brazil","South America","https://x.com/mrtechnocoins","https://t.me/+XEDeLsqPBZllYzUx","https://app.unlock-protocol.com/event/global-pizza-party-floripa","https://drive.google.com/drive/folders/1aLa6GJq9IadsFritFlUW5VXcUIFu6oIF?usp=drive_link","[-48.5468118,-27.5968578]"
"Fortaleza","Brazil","South America","https://x.com/IpizzaKush","https://t.me/+kuccroQVpL05Yzgx","https://app.unlock-protocol.com/event/global-pizza-party-fortaleza-br","https://drive.google.com/drive/folders/1txcCm_TMnja_Fn4gRfyw0CV3i3rYQ_YH?usp=drive_link","[-38.5270134,-3.7327203]"
"Macaé","Brazil","South America","https://x.com/preciousbitchb","https://t.me/+jNq-cQiSFZ43OWQ5","https://app.unlock-protocol.com/event/global-pizza-party-maca-br-3","https://drive.google.com/drive/folders/1fRUuylgM_vkU4A2PsZ5gtuyxXG19ftQa?usp=drive_link","[-41.7827578,-22.3837126]"
"Natal","Brazil","South America"," https://x.com/RhastaJr_","https://t.me/+_vMAWwbDaEZhYTRh","https://app.unlock-protocol.com/event/global-pizza-party-natal-br-1","https://drive.google.com/drive/folders/1rPP_lN3gQiLRfOHyZkMdIQGprkmHsQFS?usp=drive_link","[-35.1999708,-5.7841695]"
"Porto Alegre","Brazil","South America","https://x.com/mrtechnocoins","https://t.me/+RhvB_7_MmjZmOWMx","https://app.unlock-protocol.com/event/global-pizza-party-porto-alegre","https://drive.google.com/drive/folders/1BWl70KFPT0XfCE-0U_uPZ-CvTkDkTKVh?usp=drive_link","[-51.2089887,-30.0368176]"
"Rio Claro","Brazil","South America","@growecosystems","https://t.me/+8DE9E5TpXio0ZjJh","https://app.unlock-protocol.com/event/global-pizza-party-rio-claro-1","","[-47.5596215,-22.4107652]"
"Rio de Janeiro","Brazil","South America","https://x.com/mrtechnocoins","https://t.me/+Khe94ae94OMxOTdh","https://app.unlock-protocol.com/event/global-pizza-party-rio-crypto-hub","https://drive.google.com/drive/folders/1On-KUMUurn-IA1G8SZSU1UpBFq1Urcd8?usp=drive_link","[-43.1728965,-22.9068467]"
"Rocinha","Brazil","South America","","","","","[-43.2480087,-22.987941]"
"Salvador Bahia","Brazil","South America","https://x.com/mrtechnocoins","https://t.me/+JRFX1SxqVTYzZDNh","https://app.unlock-protocol.com/event/global-pizza-party-bahia-crypto-hub","https://drive.google.com/drive/folders/1j7AExIRvcsz8jarXvc7knSxMq7Rj79iC?usp=drive_link","[-38.501648,-12.9777334]"
"Sao Paulo","Brazil","South America","https://x.com/deleide41722","https://t.me/+Q_BUhWfjQdtkOGMx","https://app.unlock-protocol.com/event/global-pizza-party-so-paulo","https://drive.google.com/drive/folders/12Y8V1lY18in90tLrqGay4OkwFER2rKhN?usp=drive_link","[-46.6395571,-23.5557714]"
"Búzios","Brazil","South America","https://x.com/dayan_ricky","https://t.me/+WlqFgKPYcjJhMTFh","https://app.unlock-protocol.com/event/global-pizza-party-buzios-brazil","https://drive.google.com/drive/folders/1WEDDZyVcu1x283zyUchOUy4kXUvhRY4_?usp=sharing","[-41.8833455,-22.7553281]"
"Sofia","Bulgaria","Eastern Europe","https://t.me/ruscash","https://t.me/+BzYbFevfR9k0NjVh","https://app.unlock-protocol.com/event/global-pizza-party-sofia-2","","[23.3218675,42.6977082]"
"Ouagadougou","Burkina Faso","Africa","","https://t.me/+oFnFdTPoiu5mYmU5","https://app.unlock-protocol.com/event/global-pizza-party-ouagadougou-12","","[-1.5196603,12.3714277]"
"Bujumbura","Burundi","Africa","","https://t.me/+Rggy1kNGygg5Mzdh","","","[29.3598782,-3.361378]"
"Phnom Penh","Cambodia","Asia","https://t.me/cmbarrant","https://t.me/+Pan9PiYoPv82M2Zh","https://app.unlock-protocol.com/event/global-pizza-party-phnom-penh","","[104.9282099,11.5563738]"
"Kelowna","Canada","North America","","https://t.me/+y3JXryPBr_RkODBh","https://app.unlock-protocol.com/event/global-pizza-party-kelowna","","[-119.4965917,49.8863235]"
"Calgary","Canada Alberta","North America","https://t.me/travelingsomm","https://t.me/+UxccHo5CQTxmNjJh","https://app.unlock-protocol.com/event/global-pizza-party-calgary","","[-114.0718831,51.0447331]"
"Edmonton","Canada Alberta","North America","","https://t.me/+LJ0EsIyEwjs5MjBh","https://app.unlock-protocol.com/event/global-pizza-party-2025-edmonton","","[-113.4937355,53.5461663]"
"Vancouver","Canada British Columbia","North America","https://t.me/AllCityBAYC","https://t.me/+1h_LYj6IrOk0NmVh","https://app.unlock-protocol.com/event/global-pizza-party-vancouver-1","https://drive.google.com/drive/folders/16MNoIMXUmq8KNFQ5qnSVAHVs1za5BLYm?usp=share_link","[-123.1207375,49.2827291]"
"Victoria","Canada British Columbia","North America","","https://t.me/+KF_9qDyWWsszMGIx","","","[-123.3656444,48.4284207]"
"Winnipeg","Canada Manitoba","North America","","https://t.me/+RvDmLMcR9KlhYTEx","","","[-97.1385145,49.8954221]"
"Labrador","Canada Newfoundland","","","","","","[-61.7387586,54.2730918]"
"Halifax","Canada Nova Scotia","North America","","https://t.me/+fLOZ2z7q19xmOWNh","https://app.unlock-protocol.com/event/btc-pizza-day-halifax","","[-63.1005273,44.8857087]"
"Hamilton","Canada Ontario","North America","","https://t.me/+gJPQnJFeGK1jOWM5","","","[-79.8711024,43.2557206]"
"Ottawa","Canada Ontario","North America","https://t.me/JPEG_TAY","https://t.me/+2h3lm4H0YZ1lMTRh","https://app.unlock-protocol.com/event/global-pizza-party-ottawa-2025","","[-75.7003397,45.4200572]"
"Toronto","Canada Ontario","North America","https://t.me/Antoineph","https://t.me/+kk5ViBwxPnIzMDkx","https://app.unlock-protocol.com/event/2025-global-pizza-party-toronto-1","https://drive.google.com/drive/folders/1hMtvfQBc0H-9s2G0Np4qcU3i1dcjIlu5?usp=share_link","[-79.3831843,43.653226]"
"Waterloo","Canada Ontario","North America","","https://t.me/+r_9imDlPNhU2YmJh","https://app.unlock-protocol.com/event/global-pizza-party-waterloo","","[-80.5204096,43.4642578]"
"Montreal","Canada Quebec","North America","https://t.me/seanstapley","https://t.me/+g0YK4rU95SRiNGMx","https://app.unlock-protocol.com/event/bitcoin-pizza-day-2025-in-montral","","[-73.5673919,45.5018869]"
"Saskatoon","Canada Saskatchewan","North America","","https://t.me/+LjPOB159sSthNDNh","https://app.unlock-protocol.com/event/global-pizza-party-saskatoon-1","","[-106.6701577,52.157902]"
"Cayman Islands","Cayman Islands","Central America","https://t.me/addigator","https://t.me/+MvRD2I72Vt82YzEx","https://app.unlock-protocol.com/event/global-pizza-party-2025-cayman-islands-20","","[-81.2546,19.3133]"
"Coyaique ","Chile","South America","https://x.com/bvdani_el","","","","[-72.0678986,-45.5729842]"
"Puerto Varas","Chile","South America","","https://t.me/+8OCKqharNkVkMDRh","","","[-72.9847342,-41.3172309]"
"Maullin","Chile","South America","","https://t.me/+kkaBTQya8YVmNTYx","https://app.unlock-protocol.com/event/global-pizza-party-maulln","https://drive.google.com/drive/folders/1SBqS1FJgKqxQaOrZGLeAfH4AK24XBybw?usp=drive_link","[-73.6016737,-41.6183881]"
"Santiago","Chile","South America","https://twitter.com/MentaJengibre2","https://t.me/+oAq1WtYo2Wg3YTgx","https://app.unlock-protocol.com/event/global-pizza-party-santiago-5","https://drive.google.com/drive/folders/1dgGDN55hE58yQapw9bj8vnLqCnXyIHkD?usp=drive_link","[-70.6692655,-33.4488897]"
"Beijing","China","Asia","","https://t.me/+NhdAVPA34GY3YWJh","","","[116.407395,39.904211]"
"Changsha","China","Asia","https://t.me/Ham_trader","https://t.me/+6734pXkmIYZkMzhi","","","[112.93886,28.2277799]"
"Chengdu","China","Asia","","https://t.me/+UG4LYZ0OouZkODc5","https://app.unlock-protocol.com/event/global-pizza-party-chengdu","https://drive.google.com/drive/folders/1zWjWkAjtAbKEKjZXHZdR_mcsEd5Wk_gv?usp=sharing","[104.0665099,30.5722599]"
"Chongqing","China","Asia","","https://t.me/+3dG3-6FQeb00ZDY5","https://app.unlock-protocol.com/event/bitcoin-pizza-day-chongqing-2025","","[106.5511838,29.5656843]"
"Dali","China","Asia","https://x.com/MaciejKoterba","https://t.me/+xg1rEtf7m7o3Y2Ix","https://app.unlock-protocol.com/event/global-pizza-party-dali","","[100.26764,25.6064799]"
"Guangxi","China","Asia","","","","","[108.32754,22.8152099]"
"Guangzhou","China","Asia","","https://t.me/+eoObOkazHvc2ODVh","https://app.unlock-protocol.com/event/global-pizza-party-guangzhou-2","","[113.26436,23.1290799]"
"Hangzhou","China","Asia","","https://t.me/+Va-EpaETUd5jNDYx","https://app.unlock-protocol.com/event/global-pizza-party-2025-hangzhou-city","","[120.15515,30.2741499]"
"Hong Kong","China","Asia","https://t.me/catapultBZ","https://t.me/+ArdjT-D2uWw3NmZh","https://app.unlock-protocol.com/event/global-pizza-party-hong-kong","https://drive.google.com/drive/folders/1u5Yp0TOGS6maS_g76CEQgyuZRaPK2xtA?usp=share_link","[114.1693611,22.3193039]"
"Macao","China","Asia","","https://t.me/+TFGd3-QXRnMxMmUx","","https://drive.google.com/drive/folders/1P4tVQepVwPpq0LP_U3FCShqkebxPOPMV?usp=share_link","[113.543873,22.198745]"
"Nanjing","China","Asia","","","","","[118.79647,32.0583799]"
"Ningbo","China","Asia","","https://t.me/+n1e-YBy88vIzZGZh","","","[121.54399,29.868336]"
"Shanghai","China","Asia","","https://t.me/+BHjrUZdqcAcxZjhh","https://app.unlock-protocol.com/event/global-pizza-party-shanghai-1","https://drive.google.com/drive/folders/1mOXEodkJGJjV-BXik4Uk1ljiRwzXXiW1?usp=share_link","[121.473701,31.230416]"
"Shenzhen","China","Asia","","https://t.me/+PwBxC85_y8tjYmUx","https://app.unlock-protocol.com/event/pizza-dao-x-offchain-shenzhen-mixer-6","","[114.05956,22.5428599]"
"Yiwu","China","Asia","","https://t.me/+9RWmbYBBljQzOWMx","","","[120.0746799,29.3055799]"
"Suzhou","China ","Asia","","https://t.me/+mJwcuPAgdkJhNTMx","","","[120.58319,31.2983399]"
"Zhengzhou","China ","Asia","","","","","[113.62493,34.7472499]"
"Arauca","Colombia","South America","","https://chat.whatsapp.com/JA6vQCP6uCaIj0Gv2kiU1A","","","[-71.0022311,6.547306]"
"Bogota","Colombia","South America","https://warpcast.com/danib88","https://t.me/+OsL4g8b52KBiOWIx","https://app.unlock-protocol.com/event/global-pizza-party-bogot-1","https://drive.google.com/drive/folders/1EqIxGnwA3GbjFQ8Zf_5UIrCrjNt5r1q3?usp=drive_link","[-74.072092,4.7109886]"
"Cali","Colombia","South America","https://twitter.com/Ningunartista","https://t.me/+5jv65SAxeu5jYzhh","https://app.unlock-protocol.com/event/global-pizza-party-cali ","https://drive.google.com/drive/folders/10-6E7r-4Lt9wyME7Qdcx4EOFbsf3XQTI?usp=drive_link","[-76.5319854,3.4516467]"
"Cartagena de Indias","Colombia","South America","https://x.com/CryptoZyzz_eth","https://t.me/+KKC3CCLGYX03Y2M5","https://app.unlock-protocol.com/event/global-pizza-party-cartagena ","https://drive.google.com/drive/folders/1IIVbgzyn6IO6eoQ0VLsEKapl_n3srF-r?usp=drive_link","[-75.4832311,10.3932277]"
"Mayapo","Colombia","South America","","https://chat.whatsapp.com/JA6vQCP6uCaIj0Gv2kiU1A","","","[-72.77661,11.64722]"
"Medellin","Colombia","South America","https://x.com/platohedro","https://t.me/+CcALe_aqnew2OTJh","https://app.unlock-protocol.com/event/global-pizza-party-medellin ","https://drive.google.com/drive/folders/1l9GBC6uPDG-vN6R_ljPQsid_vpQ34Wqo?usp=drive_link","[-75.5658153,6.2476376]"
"Uvita","Costa  Rica","Central America","","https://t.me/+_ie1-wZwRyRiMGIx","","","[-83.7365175,9.1673781]"
"San Jose","Costa Rica","Central America","","https://t.me/+BtFO1PRVtTs5Yjkx","","","[-84.0907246,9.9280694]"
"Tamarindo","Costa Rica","Central America","https://x.com/Ape0rDie"," https://chat.whatsapp.com/H3K0ICNhGMhC6HPOE83S1l","https://app.unlock-protocol.com/event/global-pizza-party-tamarindo ","https://drive.google.com/drive/folders/1cJKkD56DmGqPr0pLpD5n7bFkda7ZNc26?usp=drive_link","[-85.8411525,10.2975721]"
"Split","Croatia","Eastern Europe","","https://t.me/+-ydn-Koboz5mZmY5","https://app.unlock-protocol.com/event/global-pizza-party-split-1","","[16.4435148,43.5147118]"
"Zagreb","Croatia","Eastern Europe","@okanagur","https://t.me/+4f4f6bi5ReI4MGUx","https://app.unlock-protocol.com/event/global-pizza-party-zagreb-2025-1","","[15.981919,45.8150108]"
"La Havana","Cuba ","Central America","https://x.com/hivecuba","https://t.me/+V51JNP8ZAcFiM2Mx","","https://drive.google.com/drive/folders/19GXpvVWnL-EqGn5ZzRa1EsFkAXFlmmPv?usp=drive_link","[-82.3585654,23.133865]"
"Limassol","Cyprus","Middle East","","https://t.me/+nt-7Y0JFQysyM2Nh","https://app.unlock-protocol.com/event/global-pizza-party-limassol","https://drive.google.com/drive/folders/13dCzbKm7Oielq6fd1I_J42KYObt_w-TB?usp=share_link","[33.0413055,34.6786322]"
"Brno","Czech Republic","Eastern Europe","","https://t.me/+1zMGBlbOn0NmMWEx","https://app.unlock-protocol.com/event/global-pizza-party-brno","","[16.6068371,49.1950602]"
"Prague","Czech Republic","Eastern Europe","https://t.me/Me_113kw","https://t.me/+HHvYSQ5Sd9QxMmRh","https://app.unlock-protocol.com/event/global-pizza-party-5th-bitcoin-pizza-day-prague","https://drive.google.com/drive/folders/1jpvnFkkTz4Ldsm4AMPOz9cuWOQwpBVYf?usp=share_link","[14.4378005,50.0755381]"
"Olomouc","Czech Republic","Western Europe","","https://t.me/+5sGq4xvrKlhmMTFk","https://app.unlock-protocol.com/event/global-pizza-party-olomouc","","[17.2508787,49.593778]"
"Jihlava","Czech Republic ","Eastern Europe","Oliver Lowe","","","","[15.5870415,49.3983782]"
"Aarhus","Denmark","Western Europe","","https://t.me/+YfOriak4O0A1M2Fh","","","[10.203921,56.162939]"
"Copenhagen","Denmark","Western Europe","","https://t.me/+LG9DLtgq2nxlMmQx","https://app.unlock-protocol.com/event/global-pizza-party-34","","[12.5683371,55.6760968]"
"Kinshasa","DRC","Africa","https://t.me/gkimbwala","https://t.me/+--0ghlqnmqNlZGMx","","https://drive.google.com/drive/folders/1SoLqTqQejRpp1-Lrl3q4PjFZelZf8gQf?usp=share_link","[15.310528,-4.3032527]"
"Nomad","Earth","Metaverse","","https://t.me/+LWk-fjrSPisyY2Yx","","","[]"
"Guayaquil","Ecuador","South America","https://x.com/carlos_israelj","https://t.me/+Y0aZCIfpRK83NTdh","https://app.unlock-protocol.com/event/global-pizza-party-guayaquil-2025 ","https://drive.google.com/drive/folders/1LnwRm6EMuYtMWYBAIsXFQjmFdCTVQFFP?usp=sharing","[-79.8899031,-2.1891341]"
"Quito","Ecuador","South America","https://x.com/padimaster","https://t.me/+a4wbKve3DlcxMThh","https://app.unlock-protocol.com/event/global-pizza-party-quito-2025 ","https://drive.google.com/drive/folders/1KZurlDu6TQPF2Gi_o1zVur3l6Dwi1xAY?usp=drive_link","[-78.5141064,-0.2232523]"
"Cuenca","Ecuador","South America","https://x.com/Gelois_0","https://t.me/+ah_n4HHko1k5MmJh","https://app.unlock-protocol.com/event/global-pizza-party-cuenca-2025-3 ","https://drive.google.com/drive/folders/14bFDSAmaMEVRUjZmJx4rb_IsaUu8CIVz?usp=drive_link","[-79.0058965,-2.9001285]"
"Portoviejo","Ecuador","South America","https://x.com/elizabeths_14","https://t.me/+HQXoPag4mUU1YzJh","https://app.unlock-protocol.com/event/global-pizza-party-portoviejo","https://drive.google.com/drive/folders/1g40kjLQ87XI-9F0O7BgzZ0ygoxJTUVz-?usp=drive_link","[-80.4516013,-1.0544602]"
"Cairo","Egypt","Africa","https://t.me/EmanHerawy","https://t.me/+Uuex2EX2rxE0ODdh","https://app.unlock-protocol.com/event/global-pizza-party-cairo","https://drive.google.com/drive/folders/1ZtJiQhg62XLNRr7Pn3hmm8Lo0VcR7QXx?usp=sharing","[31.2357116,30.0444196]"
"Alexandria","Egypt","Middle East","","https://t.me/+pUrucfrCEWdlMzRh","https://app.unlock-protocol.com/event/global-pizza-party-alexandria","","[29.9187387,31.2000924]"
"San Salvador","El Salvador","Central America","https://x.com/AjpuMonica","https://t.me/gppelsalvador","https://app.unlock-protocol.com/event/global-pizza-party-san-salvador-4/","https://drive.google.com/drive/folders/1mQrU76adnV2qvNf0ld1hDGdT82V2yY_k?usp=sharing","[-89.1915341,13.6980638]"
"Tallinn","Estonia","Eastern Europe","","https://t.me/+uNchwPHO7iQ0ZjAx","https://app.unlock-protocol.com/event/global-pizza-party-2025-tallinn","","[24.7535746,59.4369608]"
"Addis Ababa","Ethiopia","Africa","https://t.me/Nathansab","https://t.me/+ngZO1Vye-Fw4OWYx","https://app.unlock-protocol.com/event/bitcoin-pizza-day-party-addis-ababa","https://drive.google.com/drive/folders/1U9etNnrnHbHJsxogO7hxYWyW6G4DM0HH?usp=share_link","[38.7524635,9.0191936]"
"Helsinki","Finland","Western Europe","https://t.me/MartinWman","https://t.me/+e8GY4JBLtM4zMjI0","https://app.unlock-protocol.com/event/global-pizza-party-helsinki-1","","[24.938379,60.1698557]"
"Oulu","Finland","Western Europe","","https://t.me/+Ly5wslXZN9I5ZGQx","","","[25.4650773,65.0120888]"
"Bordeaux","France","Western Europe","","https://t.me/+o-Ol66rgWnEwYWQx","https://app.unlock-protocol.com/event/global-pizza-party-bordeaux-5","","[-0.5810938,44.8416106]"
"Cannes","France","Western Europe","https://t.me/DrJamilahMerrick","https://t.me/+kiFuHN8XzPAzNWIx","https://app.unlock-protocol.com/event/global-pizza-party-cannes","","[7.0170217,43.5539499]"
"Montpellier","France","Western Europe","Noxe","https://t.me/+xgRATrNsFxJiZTUx","","https://drive.google.com/drive/folders/1inLKJuRI3us6YjPekRsLrk2s44D7DTi7?usp=share_link","[3.8761323,43.6108535]"
"Nice","France","Western Europe","Noxe","","","https://drive.google.com/drive/folders/1inLKJuRI3us6YjPekRsLrk2s44D7DTi7?usp=share_link","[7.2619532,43.7101728]"
"Paris","France","Western Europe","https://t.me/PrestonDeRogo","https://t.me/+OXkspPnYexhhYmEx","https://app.unlock-protocol.com/event/global-pizza-party-paris-1","https://drive.google.com/drive/folders/1y_aTYbJ8zHWdflXFocQEDVKO7f4ZoLZM?usp=share_link","[2.3513765,48.8575475]"
"Berlin","Germany","Western Europe","https://t.me/rektormoon","https://t.me/+cPd97vNeP6AxMzFi","https://app.unlock-protocol.com/event/berlin-bitcoin-pizza-party-1","https://www.figma.com/design/g3APPvnpVEWtz4Nbc30la7/Berlin-2025-Design-EDITABLE?node-id=430-8340&t=KkqjFmG1rb2XXocV-1","[13.404954,52.5200066]"
"Dusseldorf","Germany","Western Europe","","","https://app.unlock-protocol.com/event/global-pizza-party-dsseldorf","","[6.7824545,51.2230411]"
"Frankfurt","Germany","Western Europe","https://t.me/AccEth, https://t.me/FlorianFrankfurt","https://t.me/+5zzcEsIGZcBhMGEx","https://app.unlock-protocol.com/event/pizza-day-frankfurt-2025-1","https://drive.google.com/drive/folders/1iy2-HfHnlOJPjiRVkc6BQq2LOiQBZ_w1?usp=sharing","[8.6821267,50.1109221]"
"Hamburg","Germany","Western Europe","","https://t.me/+3zcD3mEHKo9jZTFh","https://app.unlock-protocol.com/event/global-pizza-party-hamburg-7","","[9.9871703,53.5488282]"
"Leipzig","Germany","Western Europe","","https://t.me/+c5TQkM9iRZxhMDIx","","","[12.3730747,51.3396955]"
"Munich","Germany","Western Europe","@jobl74","https://t.me/+Ln0Ibrrnkf0zYmUx","https://app.unlock-protocol.com/event/pizza-party-munich-2025-1","https://drive.google.com/drive/folders/1Qr_awC4GF9-IkyRFpTYX_o5xSPzUYE92?usp=share_link","[11.5819806,48.1351253]"
"Nuremberg","Germany","Western Europe","","https://t.me/+QNPu1e8Q_-VhYmY5","","","[11.0745641,49.4542881]"
"Accra","Ghana","Africa","","https://t.me/+fEIgyRNvfJM1NzJh","https://app.unlock-protocol.com/event/global-pizza-party-accra","","[-0.1974306,5.5592846]"
"Wa","Ghana","Africa","https://t.me/atomsterling1","https://t.me/+0G0yxQkwy1ZiOWQx","https://app.unlock-protocol.com/event/global-pizza-party-wa-1","","[-2.5098914,10.0600742]"
"Gibraltar","Gibraltar ","Western Europe","","https://t.me/+PK6cMbKdJ4k0OTQx","","","[-5.353585,36.140751]"
"Athens","Greece","Eastern Europe","@Annipan2310","https://t.me/+C-J2NaCcDMI2YmI5","https://app.unlock-protocol.com/event/global-pizza-party-athens-1","https://drive.google.com/drive/folders/14Tlyu8QTwQ_omFhCBaNpbI_4egp2MHZj?usp=sharing","[23.7275388,37.9838096]"
"Salamá","Guatemala","Central America","https://twitter.com/yo_mmart","https://t.me/gppelsalvador","https://app.unlock-protocol.com/event/global-pizza-party-salam ","https://drive.google.com/drive/folders/1F2Y_zwPfkFdDzjEMYryvPE578mXWco1l?usp=sharing","[-90.3183792,15.0555196]"
"Guatemala City","Guatemala","Central America","https://x.com/indeus777","https://t.me/+HqhltY2xBmliMWYx","https://app.unlock-protocol.com/event/global-pizza-party-ciudad-de-guatemala  ","https://drive.google.com/drive/folders/1lDsxd2E7PwoiXlTWk2bN793AgGMahfSM?usp=sharing","[-90.5068824,14.6349149]"
"Quetzaltenango","Guatemala","Central America","https://t.me/DnznJuan","https://t.me/+hAke7dCDibU2YTQx","https://app.unlock-protocol.com/event/global-pizza-party-2025-xela-quetzaltenango ","https://drive.google.com/drive/folders/184aDeASDIC3PH5fc7iGa8VHRLZ9IaNle?usp=sharing","[-91.5231866,14.8446068]"
"San Pedro de Sula","Honduras","Central America","https://x.com/GeraldinClaudia","https://t.me/+TT8zsWyMx4MxNjFh","https://app.unlock-protocol.com/event/global-pizza-party-san-pedro-sula ","https://drive.google.com/drive/folders/1uDNIZIR_O1dYBrD2NeKkFdKmn5t4lONZ?usp=sharing","[-88.0258021,15.5058165]"
"Tegucigalpa","Honduras","Central America","https://x.com/ethereumtgu_","https://t.me/+S98DeFzxOIlmMjUx","https://app.unlock-protocol.com/event/global-pizza-party-tgu","https://drive.google.com/drive/folders/1vGOfwWDGy5WjzcPzAT-6E_1fwqJGUZr5?usp=drive_link","[-87.1824529,14.0607145]"
"Budapest","Hungary","Western Europe","@scsongi","https://t.me/+t0seZhjvXVoxNDMx","https://app.unlock-protocol.com/event/global-pizza-party-budapest","","[19.040235,47.497912]"
"Reykjavík","Iceland","Western Europe","","https://t.me/+rV2KH5GN-PE4NzQx","","","[-21.9407552,64.1469868]"
"Agartala","India","Asia","","https://t.me/+ciLIN6nTuiJkYTFh","https://app.unlock-protocol.com/event/global-pizza-party-agartala","","[91.2867777,23.831457]"
"Agra","India","Asia","","https://t.me/+Q-a8BPCjEHU2NDc1","https://app.unlock-protocol.com/event/global-pizza-party-agra","","[78.0080745,27.1766701]"
"Ahmedabad","India","Asia","","https://t.me/+SzeiTWewYTw2YzVh","https://app.unlock-protocol.com/event/global-pizza-party-ahmedabad","","[72.5713621,23.022505]"
"Ahmednagar","India","Asia","","https://t.me/+-00dRBVro_85M2Yx","https://app.unlock-protocol.com/event/global-pizza-party-ahmednagar-66","","[74.7479789,19.0948287]"
"Aligarh","India","Asia","","https://t.me/+75FuXgZOdDE5ZmM1","https://app.unlock-protocol.com/event/global-pizza-party-aligarh-2","","[78.0880129,27.8973944]"
"Ambala","India","Asia","","https://t.me/+KS32ziRipBk1M2Y1","https://app.unlock-protocol.com/event/global-pizza-party-ambala","","[76.782122,30.3752011]"
"Amritsar","India","Asia","","https://t.me/+8R8C164OSXk2NmU9","https://app.unlock-protocol.com/event/global-pizza-party-amritsar-3","","[74.8722642,31.6339793]"
"Ayodhya","India","Asia","","https://t.me/+1TGHuZiVQFMzMmNl","https://app.unlock-protocol.com/event/global-pizza-party-ayodhya-1","","[82.1997954,26.7921605]"
"Bangalore","India","Asia","https://t.me/Rajkaria, https://t.me/Boldrin71","https://t.me/+bqndjevOTtwxNWIx","https://app.unlock-protocol.com/event/global-pizza-party-bangalore","","[77.577509,12.9628669]"
"Bhilai","India","Asia","","","https://app.unlock-protocol.com/event/global-pizza-party-bhilai","","[81.3509416,21.1938475]"
"Bhopal","India","Asia","","https://t.me/+zwA6PBoy1cxhYTU1","https://app.unlock-protocol.com/event/global-pizza-party-bhopal","","[77.412615,23.2599333]"
"Bhubnasewar","India","Asia","","https://t.me/+n65hVxa_tNJmZWM1","https://app.unlock-protocol.com/event/global-pizza-party-bhub","","[85.8246101,20.2959847]"
"Chamoli","India","Asia","","https://t.me/+wb7Rcm6RgZVlZDNl","","","[79.560344,30.2937439]"
"Chandigarh","India","Asia","https://t.me/Nikhil_Mahana","https://t.me/+b-vLVlMO-REyNTAx","https://app.unlock-protocol.com/event/global-pizza-party-chandigarh-3","","[76.7794179,30.7333148]"
"Chennai","India","Asia","","https://t.me/+-mqY8n8888AyZTAx","https://app.unlock-protocol.com/event/global-pizza-party-chennai","","[80.2704622,13.0843007]"
"Coimbatore","India","Asia","","https://t.me/+BuBtX1FXGr0xMWEx","https://app.unlock-protocol.com/event/global-pizza-party-coimbatore","","[76.9588876,10.9973691]"
"Dehradun","India","Asia","","https://t.me/+Y32B_fmTlc45N2Y1","https://app.unlock-protocol.com/event/global-pizza-party-dehradun-1","","[78.0321918,30.3164945]"
"Delhi","India","Asia","https://t.me/JatinPathi, https://t.me/Nikhil_Mahana, https://t.me/simarpreet_019","https://t.me/+2n1ZfVvYcScyZTM5","https://app.unlock-protocol.com/event/global-pizza-party-new-delhi-2","https://drive.google.com/drive/folders/1OawNAIl4oef0hWsHcfXHzF-sTkmh437Q?usp=share_link","[77.1024902,28.7040592]"
"Faridabad","India","Asia","","https://t.me/+7id_nIHh_twwYWY1","https://app.unlock-protocol.com/event/global-pizza-party-faridabad-2","","[77.3177894,28.4089123]"
"Gandhinagar","India","Asia","","https://t.me/+PZCn-8ayigFhNjE9","https://app.unlock-protocol.com/event/global-pizza-party-gandhinagar-1","","[72.6369415,23.2156354]"
"Ghaziabad","India","Asia","","https://t.me/+xAWR_AX1tn9hNjhl","https://app.unlock-protocol.com/event/global-pizza-party-ghaziabad-1","","[77.4537578,28.6691565]"
"Goa","India","Asia","","https://t.me/+LagCHsVi0RExOTY9","https://app.unlock-protocol.com/event/global-pizza-party-goa","","[74.123996,15.2993265]"
"Gorakhpur","India","Asia","","https://t.me/+y2P02WSWriU0OTY1","https://app.unlock-protocol.com/event/global-pizza-party-gorakhpur-1","","[83.3731675,26.7605545]"
"Gurugram","India","Asia","","https://t.me/+Wjob1vjI6pc3N2I9","","","[77.0266383,28.4594965]"
"Gurgaon","India","Asia","","","https://app.unlock-protocol.com/event/global-pizza-party-gurgaon-1","","[77.0266383,28.4594965]"
"Guwahati","India","Asia","","https://t.me/+hTTreVvoGIdmZDE1","https://app.unlock-protocol.com/event/global-pizza-party-guwahati-2","","[91.7085933,26.1157917]"
"Gwalior","India","Asia","","https://t.me/+G4T86JWjqLYzOGUx","https://app.unlock-protocol.com/event/global-pizza-party-gwalior","","[78.1772053,26.2124007]"
"Hardoi","India","Asia","","https://t.me/+IqRwTJKQooU5ZGZl","https://app.unlock-protocol.com/event/global-pizza-party-hardoi","","[80.1250479,27.3965071]"
"Hyderabad","India","Asia","","https://t.me/+JBqqowFwPB40N2Qx","https://app.unlock-protocol.com/event/global-pizza-party-hyderabad","","[78.4772439,17.406498]"
"Imphal","India","Asia","","https://t.me/+i55Ee8vt3ww0NGI1","https://app.unlock-protocol.com/event/global-pizza-party-imphal-4","","[93.9386097,24.8107515]"
"Indore","India","Asia","","https://t.me/+IeHvdDzi8fcyNWU1","https://app.unlock-protocol.com/event/global-pizza-party-indore-1","","[75.8577258,22.7195687]"
"Itanagar","India","Asia","","https://t.me/+v3A7_ZMxadNjMGM9","https://app.unlock-protocol.com/event/global-pizza-party-itanagar-1","","[93.6053163,27.0843682]"
"Jabalpur","India","Asia","","","https://app.unlock-protocol.com/event/global-pizza-party-jabalpur","","[79.9338798,23.1685786]"
"Jaipur","India","Asia","","","https://app.unlock-protocol.com/event/global-pizza-party-jaipur-1","","[75.7872709,26.9124336]"
"Jalandhar","India","Asia","","https://t.me/+_-jzXGdtY400MjUx","https://app.unlock-protocol.com/event/global-pizza-party-jalandhar-2","","[75.5761829,31.3260152]"
"Jammu","India","Asia","","https://t.me/+AOgQeakCyGUzMzdh","https://app.unlock-protocol.com/event/global-pizza-party-jammu-3","","[74.8570259,32.7266016]"
"Jamshedpur","India","Asia","","https://t.me/+QX8YRLusFH4xNDE1","https://app.unlock-protocol.com/event/global-pizza-party-jamshedpur-4","","[86.2028754,22.8045665]"
"Jhansi","India","Asia","","https://t.me/+qnzE3sF6QD03NTM1","https://app.unlock-protocol.com/event/global-pizza-party-jhansi-4","","[78.5697526,25.4487699]"
"Kanpur","India","Asia","","https://t.me/+-ONbG27fNZ80MzU1","https://app.unlock-protocol.com/event/global-pizza-party-kanpur","","[80.3318736,26.449923]"
"Kochi","India","Asia","","https://t.me/+dF0gCf_lrkMzMmE5","https://app.unlock-protocol.com/event/global-pizza-party-kochi-2","","[76.2673041,9.9312328]"
"Kohima","India","Asia","","https://t.me/+RBN7jw6VWG5mNThl","https://app.unlock-protocol.com/event/global-pizza-party-kohima-1","","[94.1085937,25.6742421]"
"Kolkata","India","Asia","","https://t.co/aCq1RdmlKA","https://app.unlock-protocol.com/event/global-pizza-party-kolkata-1","","[88.3628734,22.5743545]"
"Kollam","India","Asia","","https://t.me/+Ui9BJzoBAI0zMjk9","https://app.unlock-protocol.com/event/global-pizza-party-kollam-2","","[76.6141396,8.8932118]"
"Kota","India","Asia","","https://t.me/+_Yyp5Ar1tBRmZTU1","https://app.unlock-protocol.com/event/global-pizza-party-kota-1","","[75.8647527,25.2138156]"
"Kozhikode","India","Asia","","https://t.me/+I4IuWWiECzs1YTg1","https://app.unlock-protocol.com/event/global-pizza-party-kozhikode-1","","[75.783921,11.2488425]"
"Lucknow","India","Asia","","https://t.me/+radyFxGzZ7QxZjgx","https://app.unlock-protocol.com/event/global-pizza-party-lucknow","","[80.946166,26.8466937]"
"Ludhiana","India","Asia","","","https://app.unlock-protocol.com/event/global-pizza-party-ludhiana-1","","[75.8572758,30.900965]"
"Madurai","India","Asia","","","https://app.unlock-protocol.com/event/global-pizza-party-madurai-2","","[78.1197754,9.9252007]"
"Mangalore","India","Asia","","https://t.me/+iQrk5KGj76dmYmQ1","https://app.unlock-protocol.com/event/global-pizza-party-mangalore-1","","[74.8388112,12.8854777]"
"Mathura","India","Asia","","https://t.me/+eBdApQ9gMxQzMjc1","https://app.unlock-protocol.com/event/global-pizza-party-mathura","","[77.673673,27.4924134]"
"Mumbai","India","Asia","https://t.me/Karishmabagla5","https://t.me/+h9Bcpt-O94g5MTQx","https://app.unlock-protocol.com/event/global-pizza-party-mumbai-city","","[72.8320729,18.9581934]"
"Mysore","India","Asia","","https://t.me/+YAOG6rb6WJ03YzZl","https://app.unlock-protocol.com/event/global-pizza-party-mysore","","[76.6393805,12.2958104]"
"Nagpur","India","Asia","","https://t.me/+E1Mi70lIcp04NGM9","https://app.unlock-protocol.com/event/global-pizza-party-nagpur-1","","[79.0881546,21.1458004]"
"Nashik","India","Asia","","https://t.me/+KbN-PU0bnOg1Yjk1","https://app.unlock-protocol.com/event/global-pizza-party-nashik-1","","[73.7900188,19.9993217]"
"Noida","India","Asia","","https://t.me/+5f24Qc6Mgqc4ZWI9","https://app.unlock-protocol.com/event/global-pizza-party-noida","","[77.3910265,28.5355161]"
"Patna","India","Asia","","https://t.me/+fThRvDAxIxwxNzc1","https://app.unlock-protocol.com/event/global-pizza-party-patna-1","","[85.1375645,25.5940947]"
"Prayagraj","India","Asia","","https://t.me/+KtQmGluEK5E1YmM1","https://app.unlock-protocol.com/event/global-pizza-party-prayagraj","","[81.8546019,25.468338]"
"Pune","India","Asia","","https://t.me/+JYdir9P0hixlZDNh","https://app.unlock-protocol.com/event/global-pizza-party-by-pizza-dao-pune-3","","[73.8786239,18.5246091]"
"Raipur","India","Asia","","https://t.me/+KeXzkjOuCytjZWZl","https://app.unlock-protocol.com/event/global-pizza-party-raipur-1","","[81.6296413,21.2513844]"
"Rajkot","India","Asia","","","https://app.unlock-protocol.com/event/global-pizza-party-rajkot","","[70.8021599,22.3038945]"
"Ranchi","India","Asia","","https://t.me/+TwvTS1_ZJM0yYTRl","https://app.unlock-protocol.com/event/global-pizza-party-ranchi-1","","[85.309562,23.3440997]"
"Roorkee","India","Asia","","https://t.me/+k-jvq3aTkI82OTc1","https://app.unlock-protocol.com/event/global-pizza-party-roorkee-1","","[77.8880002,29.8542626]"
"Rourkela","India","Asia","","","https://app.unlock-protocol.com/event/global-pizza-party-rourkela","","[84.8535844,22.260423]"
"Shahjahanpur","India","Asia","","https://t.me/+omufl83EJtYyNmJl","https://app.unlock-protocol.com/event/global-pizza-party-shahjahanpur","","[79.9147268,27.8753399]"
"Shillong","India","Asia","","https://t.me/+uiNkf1ksHwZiY2Q9","https://app.unlock-protocol.com/event/global-pizza-party-shillong","","[91.8932535,25.5787726]"
"Shimla","India","Asia","","","https://app.unlock-protocol.com/event/global-pizza-party-shimla-1","","[77.1639874,31.104963]"
"Siwan","India","Asia","","https://t.me/+9M30D9llBktkMzMx","https://app.unlock-protocol.com/event/pizza-dao-siwan-1","","[84.3599953,26.2243204]"
"Solapur","India","Asia","","https://t.me/+1JaXzazebNMzZDJl","","","[75.9010467,17.6700736]"
"Surat","India","Asia","","https://t.co/mBvp2E8FvO","https://app.unlock-protocol.com/event/global-pizza-party-surat-1","","[72.8310607,21.1702401]"
"Thiruvananthapuram","India","Asia","","https://t.me/+PqU16qZR4DdjOTc1","https://app.unlock-protocol.com/event/global-pizza-party-thiruvananthapuram","","[76.9366376,8.5241391]"
"Thrissur","India","Asia","","https://t.me/+v3A7_ZMxadNjMGM9","https://app.unlock-protocol.com/event/global-pizza-party-thrissur-1","","[76.2120649,10.5241176]"
"Udaipur","India","Asia","","https://t.me/+oN1ESo4tC3cyYjM9","https://app.unlock-protocol.com/event/global-pizza-party-udaipur-1","","[73.712479,24.585445]"
"Vadodara","India","Asia","","https://t.me/+Tecl9_f_d3syODJl","https://app.unlock-protocol.com/event/global-pizza-party-vadodra","","[73.2064994,22.3000395]"
"Varanasi","India","Asia","","https://t.me/+3f0ycIbmQ5IxMTk1","https://app.unlock-protocol.com/event/global-pizza-party-varanasi-1","","[82.9739144,25.3176452]"
"Vijayawada","India","Asia","","https://t.me/+t8Qb5PEHJBtiOGI1","https://app.unlock-protocol.com/event/global-pizza-party-vijaywada-3","","[80.6480153,16.5061743]"
"Visakhapatnam","India","Asia","","","https://app.unlock-protocol.com/event/global-pizza-party-vizag","","[83.2990254,17.6973801]"
"Visakhapatnam","India","Asia","","https://t.me/+vaLp7d4o4mgwYzRl","","","[83.2990254,17.6973801]"
"Wayanad","India","Asia","","https://t.me/+4pXYF7Zbbe45ZmM1","https://app.unlock-protocol.com/event/global-pizza-party-wayanad","","[76.077316,11.6993716]"
"Aizawl","India","","","https://t.me/+haFaQ4Zj8phhNzZh","https://app.unlock-protocol.com/event/global-pizza-party-aizawl-1","","[92.7173106,23.7307175]"
"Gangtok","India","","","","https://app.unlock-protocol.com/event/global-pizza-party-gangtok-2","","[88.6138113,27.3313512]"
"Bali","Indonesia","Asia","https://t.me/Warrenmthw","https://t.me/+C6UPG1BdjfEyYTIx","https://app.unlock-protocol.com/event/global-pizza-party-bali","https://drive.google.com/drive/folders/1JqqtB9gt4ICBzGJ5lIRWuGwmCKXIdZwR?usp=sharing","[115.188916,-8.4095178]"
"Jakarta","Indonesia","Oceania","","https://t.me/+7ZhU-9cB9pwxMGQx","https://app.unlock-protocol.com/event/global-pizza-party-jakarta","","[106.8229198,-6.1944491]"
"Des Moines","Iowa","North America","https://t.me/scottrepreneur","https://t.me/+1TiL2EdeuHM4YmQx","","","[-93.6163963,41.5896139]"
"Dublin","Ireland","Western Europe","https://t.me/bullishpunk","https://t.me/+U-ejTzqWEoszNjIx","https://app.unlock-protocol.com/event/proof-of-craic-pizza-party-10","","[-6.2603097,53.3498053]"
"Limerick","Ireland","Western Europe","","","","","[-8.6267299,52.663839]"
"Haifa","Israel","Middle East","","https://t.me/+EpI8rOOZdcw1NjM5","https://app.unlock-protocol.com/event/haifa-pizza-party","","[34.989571,32.7940463]"
"Tel Aviv","Israel","Middle East","https://t.me/MyTGNameIs","https://t.me/+r4DLeAksHldkYjEx","https://app.unlock-protocol.com/event/yalla-bitcoin-pizza-party?a=1","https://drive.google.com/drive/folders/1ZbJKSDSHADcc32vsA5F-n3AQ2_nVDE6s?usp=share_link","[34.7817676,32.0852999]"
"Bari","Italy","Western Europe","","https://t.me/+Tp2XGqcS2Vw0MmIx","","","[16.8718715,41.1171432]"
"Catania","Italy","Western Europe","Livio","https://t.me/+KjbiRENfMdpkNDAx","https://app.unlock-protocol.com/event/pineapple-and-jalapenos-is-a-good-pizza-topping","","[15.0830032,37.5078836]"
"Florence","Italy","Western Europe","","https://t.me/+ndGH31mZT5RjNjBh","https://app.unlock-protocol.com/event/a-iperitivo-x-global-pizza-party","https://drive.google.com/drive/folders/1Ik-EBEqJuNvOuzbZjsZWvbnKurgvczlx?usp=share_link","[11.2576706,43.7699685]"
"Genoa","Italy","Western Europe","","https://t.me/+K4ILyFBk6Ck4MDAx","","","[8.9347381,44.4071448]"
"Milan","Italy","Western Europe","https://t.me/OrnellaWeb3","https://t.me/+mWC7GYS6mEQ1MjIx","https://app.unlock-protocol.com/event/global-pizza-party-2025-milano","https://drive.google.com/drive/folders/1aG7wUQRZJX5G2UJx83ZAdzZj3y9stNtL?usp=share_link","[9.1824027,45.468503]"
"Naples","Italy","Western Europe","@C_Flux","https://t.me/+VZgY-cV5V9UyNjY0","https://app.unlock-protocol.com/event/global-pizza-party-naples-1","","[14.26812,40.8517983]"
"Palermo","Italy","Western Europe","@WolfofBallaro","https://t.me/+zubMPilnn81kZjdh","https://app.unlock-protocol.com/event/global-pizza-party-palermo","","[13.3614635,38.1156864]"
"Rome","Italy","Western Europe","Urbe","https://t.me/+dR9DUtKAmp4xY2Ix","https://app.unlock-protocol.com/event/pizza-day-rome-3","https://drive.google.com/drive/folders/1WtKDFxgLtN7_jQICeQnVCyKMFA7mx63q?usp=share_link","[12.4822025,41.8967068]"
"Siena","Italy","Western Europe","","https://t.me/+paPW6yTu1hthMzNh","","","[11.3305812,43.3184741]"
"Venice","Italy","Western Europe","","https://t.me/+NEzkFTj8Q884ZGVh","","","[12.3159547,45.440379]"
"Abidjan","Ivory Coast","Africa","","https://t.me/+JWOR_uVzisw3NWZk","https://app.unlock-protocol.com/event/global-pizza-party-abidjan","","[-4.019603,5.3252258]"
"Gotemba","Japan","Asia","","https://t.me/+Oa0M5kucughkZjVh","https://app.unlock-protocol.com/event/global-pizza-party-in-gotemba","","[138.9347872,35.3087683]"
"Kumamoto","Japan","Asia","","https://t.me/+mn4Hv6M-QFRjZjY5","https://app.unlock-protocol.com/event/global-pizza-party-2025-kumamoto-1","","[130.7079369,32.8032164]"
"Kyoto","Japan","Asia","","https://t.me/+0J_Vmtjs4edhOWMx","","","[135.7681489,35.011564]"
"Nagano","Japan","Asia","","https://t.me/+KCJ8STyCnSQ1MDQx","","","[138.1950371,36.6485258]"
"Numazu","Japan","Asia","","https://t.me/+PNEm8qu08-Y2NTcx","https://app.unlock-protocol.com/event/global-pizza-party-in-numazu-pizza-dao-1","","[138.8635399,35.0956068]"
"Osaka","Japan","Asia","","https://t.me/+LX5mEkU1qxwxNjUx","","","[135.5022535,34.6937249]"
"Tokyo","Japan","Asia","https://t.me/taigaTOKYOBEAST","https://t.me/+5I5rAu6HoX9lMDNh","https://app.unlock-protocol.com/event/global-pizza-party-tokyo","https://drive.google.com/drive/folders/1nPD-ty9uR9Xs-lTbCNNCfpqdtYc-6X9p?usp=share_link","[139.650027,35.6764225]"
"Astana","Kazakhstan","Middle East","","https://t.me/+YhCRpfCqA1AyZWM5","https://app.unlock-protocol.com/event/global-pizza-party-astana-4","","[71.4272222,51.1655126]"
"Almaty","Kazakhstan","Middle East","https://t.me/Tconomist","https://t.me/+dD3f-1zEh981OGUx","https://app.unlock-protocol.com/event/bitcoin-pizza-day-almaty","","[76.8828618,43.2379761]"
"Diani","Kenya","Africa","","https://t.me/+0xIsLjQwZik2ZDFh","https://app.unlock-protocol.com/event/global-pizza-party-diani","","[39.5828291,-4.289072]"
"Kilifi","Kenya","Africa","","https://t.me/+R1sHGLbke2tmOGUx","https://app.unlock-protocol.com/event/global-pizza-party-kilifi","","[39.8484317,-3.6223832]"
"Kisumu","Kenya","Africa","","https://t.me/+GqJNj0CgIc4xNzQ0","https://app.unlock-protocol.com/event/global-pizza-party-kisumu-city-1","","[34.7679568,-0.0917016]"
"Lamu","Kenya","Africa","","","https://app.unlock-protocol.com/event/global-pizza-party-lamu-5","","[40.9006408,-2.2695575]"
"Mombasa","Kenya","Africa","","https://t.me/+aUB73Pg_7AozN2Qx","https://app.unlock-protocol.com/event/global-pizza-party-mombasa","","[39.6682065,-4.0434771]"
"Tatu","Kenya","Africa","","https://t.me/+cIMDDm9UMj05YTI8","https://app.unlock-protocol.com/event/global-pizza-party-tatu-city","","[36.8196442,-0.6677856]"
"Seoul","Korea","Asia","https://t.me/hwajilla","https://t.me/+Wqx0SiZtewI4NGE8","https://app.unlock-protocol.com/event/global-pizza-party-seoul-2","https://drive.google.com/drive/folders/1jliGRBlk_gZFBaFwagWa7QFfzhBZfjdN?usp=share_link","[126.9970831,37.550263]"
"Vientiane","Laos ","Asia","","https://t.me/+n4gtga6hsys1OTgx","","","[102.6331035,17.9757058]"
"Beirut","Lebanon","Middle East","https://twitter.com/Gingerpotter_21","https://t.me/+h-cVQMfuH_tkOWMx","https://app.unlock-protocol.com/event/beirut-global-pizza-party-2025","","[35.5017767,33.8937913]"
"Vilnius","Lithuania","Eastern Europe","@grandines","https://t.me/+CzNIxQK9pak2OGUx","","","[25.2796514,54.6871555]"
"Luxembourg","Luxembourg","Western Europe","@sorin_cristescu","https://t.me/+PdqHLV7b_ls0MTVk","https://app.unlock-protocol.com/event/bitcoin-pizza-day","","[6.129583,49.815273]"
"Bitola","Macedonia","Eastern Europe","https://t.me/Darko_R","https://t.me/+pCcVxUvDGC44NTU5","","","[21.3292164,41.0296773]"
"Prilep","Macedonia","Eastern Europe","","https://t.me/+ERQW8YyLliU5YTJk","https://app.unlock-protocol.com/event/global-pizza-party-prilep","","[21.5535885,41.3461876]"
"Skopje","Macedonia","Eastern Europe","","https://t.me/+73mWPYmoe74xOTdh","","","[21.4254355,41.9981294]"
"Lilongwe","Malawi","Africa","","","","","[33.76806,-13.9865252]"
"Genting","Malaysia","Asia","","https://t.me/+HcyvpoVz4X4wNDgx","","","[101.7932011,3.423978]"
"Kuala Lumpur","Malaysia","Asia","https://t.me/mage777, https://t.me/@Runnykittens","https://t.me/+Ch_P65PD5J83ZDYx","https://app.unlock-protocol.com/event/pizza-fi-abcd-apac-blockchain-day","","[101.6840589,3.1319197]"
"Network State","Malaysia","Asia","","https://t.me/+uc50jrRZiYNjM2Yx","https://app.unlock-protocol.com/event/global-pizza-party-network-school-1","","[101.975766,4.210484]"
"Decentraland","Metaverse","Metaverse","https://t.me/tangpoko","https://t.me/+5iOZbwF-V1UzYjdh","","https://drive.google.com/drive/folders/1KNfXI1n5qzkmAiaXUHaNt-qEwEUzIbae?usp=sharing","[]"
"Discord","Metaverse","Metaverse","","https://t.me/+JQY4VUcxDDMyMDAx","","https://drive.google.com/drive/folders/1QI7lsOxShbYDsKGowv6J1pp4-cfjw9qC?usp=sharing","[]"
"Spatial","Metaverse","Metaverse","","https://t.me/+hSOFYgx9mrAwNDUx","","","[]"
"Twitter Spaces","Metaverse","Metaverse","https://t.me/snack_man","https://t.me/+edROzSEYwFA3ZWUx","","","[]"
"Voxels","Metaverse","Metaverse","?","https://t.me/+LUnbIgPb_EBmNjIx","","https://drive.google.com/drive/folders/1gnpUZmzcNLlAywhBhNnNLQWmWR4MKLEm?usp=share_link","[]"
"Zoom","Metaverse","Metaverse","","https://t.me/+vtuOJylJMugwMThh","","","[]"
"Acapulco","Mexico","North America","","https://t.me/+LpV6bahuS2diMWFh","","","[-99.8822807,16.8639515]"
"Cancun","Mexico","North America","","https://t.me/+owB12ZtbYe04MWZh","","","[-86.8515279,21.161908]"
"Culiacán","Mexico","North America","https://x.com/alansicairos_","https://t.me/+IZiBUFIWXFE4OWRh","https://app.unlock-protocol.com/event/global-pizza-party-culiacn","https://drive.google.com/drive/folders/1OTrHoO_8eh6rBLuqRY-5bj3MPLWo2K96?usp=drive_link ","[-107.3940117,24.8090649]"
"Guadalajara","Mexico","North America","https://twitter.com/joehank_","https://t.me/+Qty6hBmar21kNmIx","https://app.unlock-protocol.com/event/global-pizza-party-guadalajara","https://drive.google.com/drive/folders/1MuWioYgHxnvWZumTjHrcKETnvdOOht3m?usp=drive_link","[-103.3473385,20.6751707]"
"Leon","Mexico","North America","","https://t.me/+41396pKhRlRjYTMx","","","[-101.6781837,21.1327508]"
"Merida","Mexico","North America","https://twitter.com/sohobiit","https://t.me/+s6gJ8AnpYx0zYjgx","https://app.unlock-protocol.com/event/bitcoin-pizza-day-2025-mrida","https://drive.google.com/drive/folders/1IxjwsNbL-pKiBbxXWSvsfiXPuCVyjjPe?usp=drive_link","[-89.5925857,20.9673702]"
"Mexico City","Mexico","North America","https://x.com/feru0x","https://t.me/+YJGgOtUO-jY3OWUx","https://app.unlock-protocol.com/event/global-pizza-party-mexico-city-1","https://drive.google.com/drive/folders/1YEAL2bgbrtdsSnad5cW4Uxdxph9ze_Ob?usp=drive_link","[-99.133208,19.4326077]"
"Monterrey","Mexico","North America","https://x.com/coderal_xyz","https://t.me/+CtQVH8n1hiA3N2Mx","https://app.unlock-protocol.com/event/global-pizza-party-monterrey","https://drive.google.com/drive/folders/1hoTefWPkWzVbrPJeJ9JjNPIIFNbzPSDd?usp=drive_link","[-100.3161126,25.6866142]"
"Pachuca ","Mexico","North America","https://x.com/SergioFenix10","","https://app.unlock-protocol.com/event/blobal-pizza-party-pachuca","https://drive.google.com/drive/folders/1BaKAyOhH4nVbiza9GFejtxphw2eI2Ecd?usp=drive_link","[-98.7591311,20.1010608]"
"Puebla","Mexico","North America","https://x.com/_le_cygne ","https://t.me/+W107dypiEko2YjFh","https://app.unlock-protocol.com/event/pizza-party-puebla-1 ","https://drive.google.com/drive/folders/1hipOpe24G8sLfQOLsWP7q-H44LAPDMy7","[-98.2062727,19.0414398]"
"Puerto Vallarta","Mexico","North America","","https://t.me/+35MWMtj9Y_hkZDgx","","","[-105.211358,20.6565177]"
"Tijuana","Mexico","North America","","https://t.me/+voDjfcOpL1RmZTZh","","","[-117.0192784,32.5331957]"
"Tulum","Mexico","North America","","https://t.me/+lBSdKdkYn2M3MWM5","https://app.unlock-protocol.com/event/global-pizza-party-tulum-1 ","","[-87.4653502,20.2114185]"
"Veracruz","Mexico","North America","https://x.com/CJValdezETH","https://t.me/+hIzlS5ulBBMyNDcx","https://app.unlock-protocol.com/event/global-pizza-party-veracruz","https://drive.google.com/drive/folders/1oMyXHujlG8MegQDWTHRBY2EWRBDlAIGW?usp=drive_link","[-96.1342241,19.173773]"
"Monaco","Monaco","Western Europe","https://t.me/joseph_voyager","https://t.me/+G4HJGaXFsuxhMWI5","https://app.unlock-protocol.com/event/global-pizza-party-monaco-2","","[7.4246158,43.7384176]"
"Ulaanbaatar","Mongolia","Asia","https://t.me/i3uuve1","https://t.me/+gdzA1uLNSZgwYTMx","https://app.unlock-protocol.com/event/global-pizza-day-ulaanbaatar-mongolia","https://drive.google.com/drive/folders/1U6xAFjVY4u4NAf3DkT3Ytj9gJaJPcRDd?usp=share_link","[106.9155007,47.9220509]"
"Podgorica","Montenegro","Eastern Europe","","https://t.me/+Mc3N9aGeFacwYTU5","","https://drive.google.com/drive/folders/1nGth9SYLjzDzy86L39-sv3S7HxFKhwGx?usp=share_link","[19.2593642,42.4304196]"
"Agadir","Morocco","Africa","","https://t.me/+nfEqqV09JOVhM2Ux","","","[-9.5925444,30.4280405]"
"Casablanca","Morocco","Africa","","https://t.me/+bZT_3pcvEWtiOTkx","https://app.unlock-protocol.com/event/pizza-dao-global-pizza-day-2025-casablanca","","[-7.5898434,33.5731104]"
"Marrakech","Morocco","Africa","","https://t.me/+ACv3eoIimYIzYzYx","","","[-7.9898258,31.6225224]"
"Rabat","Morocco","Africa","","https://t.me/+ajNxZ87r7ek4YTdh","","","[-6.8538748,34.0083637]"
"Tangier","Morocco","Africa","https://t.me/codegoon","https://t.me/+iHAnygD0L_Y1MGYx","https://app.unlock-protocol.com/event/pizza-dao-global-pizza-day-2025-tangier","","[-5.8339543,35.7594651]"
"Yangon","Myanmar","Asia","","https://t.me/+vnjOsSlcW5NiODZh","https://app.unlock-protocol.com/event/global-pizza-party-yangon-2","","[96.173526,16.840939]"
"Windhoek","Namibia","Africa","","https://t.me/+a7we9IRuu_FkY2Ex","https://app.unlock-protocol.com/event/global-pizza-party-windhoek","","[17.0842147,-22.5649344]"
"Biratnagar","Nepal","Asia","","https://t.me/+AlE5Q0DFN0IzNjgx","","","[87.271781,26.4524746]"
"Butwal","Nepal","Asia","","https://t.me/+t_B61lffzgU3OWIx","https://app.unlock-protocol.com/event/global-pizza-party-butwal","","[83.4652861,27.6982813]"
"Itahari","Nepal","Asia","","https://t.me/+lpQmm_L5uZFlNmQ5","https://app.unlock-protocol.com/event/global-pizza-party-itahari","","[87.271781,26.6646381]"
"Janakpur","Nepal","Asia","","https://t.me/+durEI_iwz04yODIx","https://app.unlock-protocol.com/event/global-pizza-party-janakpur","","[85.9256657,26.7275136]"
"Kathmandu","Nepal","Asia","","https://t.me/+GafPKUPCog45YThh","https://app.unlock-protocol.com/event/global-pizza-party-kathmandu","","[85.3221634,27.7103145]"
"Lalitpur","Nepal","Asia","","https://t.me/+to7J34paTIw4OTIx","","","[85.3247183,27.6587525]"
"Pokhara","Nepal","Asia","","https://t.me/+YCf0OECX4_1iOGZh","","","[83.9855674,28.2095831]"
"Solukumbhu","Nepal","Asia","","https://t.me/+AlE5Q0DFN0IzNjgx","https://app.unlock-protocol.com/event/global-pizza-party-solukumbhu-1","","[86.7416374,27.6991681]"
"Amsterdam","Netherlands","Western Europe","","https://t.me/+naMfu79QMfVlYzNl","https://app.unlock-protocol.com/event/global-pizza-party-amsterdam-12","https://drive.google.com/drive/folders/1klGx1O_70hjS6K4ZeXDWlYZ-yvrbZd6x?usp=sharing","[4.9041389,52.3675734]"
"Rotterdam","Netherlands","Western Europe","","https://t.me/+ipov30XKajMwMTEx","","","[4.4777325,51.9244201]"
"Christchurch","New Zealand","Oceania","","https://t.me/+VWfv7NwUe8Q3OWIx","https://app.unlock-protocol.com/event/global-pizza-party-christchurch","","[172.636648,-43.5320301]"
"Auckland","New Zealand","Oceania","","https://t.me/+arUSLcbzBiMxNGI5","","","[174.7644881,-36.8508827]"
"León","Nicaragua","South America","","https://t.me/+uL9hke26N0oxNTQx","https://app.unlock-protocol.com/event/global-pizza-party-len-1","","[-86.4996546,12.690563]"
"Minna","Niger","Africa","","https://t.me/+__7LS9ExqJ5hNWIx","https://app.unlock-protocol.com/event/global-pizza-party-minna","","[6.5463156,9.5835546]"
"Abia","Nigeria","Africa","https://t.me/Donisabelle","https://t.me/+y7sxYa2HvyA1MDQ8","https://app.unlock-protocol.com/event/global-pizza-party-abia-city-74","","[7.5248414,5.4527354]"
"Akwa Ibom","Nigeria","Africa","https://t.me/CatherineTriumph","https://t.me/+vkT_b8g_m4sxNzQx","https://app.unlock-protocol.com/event/global-pizza-party-akwa-ibom","","[7.8536675,4.9057371]"
"Asaba","Nigeria","Africa","","https://t.me/+XlCTV_yt36llMDlh","https://app.unlock-protocol.com/event/global-pizza-party-asaba-11","","[6.6958939,6.2059295]"
"Calabar","Nigeria","Africa","https://t.me/EstherOvie","https://t.me/+TU93RMJyMM5lNTZh","https://app.unlock-protocol.com/event/global-pizza-party-calabar","","[8.3417006,4.9757165]"
"Ebonyi","Nigeria","Africa","https://t.me/+nPtJoG7-JMM1Yjgx","https://t.me/+nPtJoG7-JMM1Yjgx","https://app.unlock-protocol.com/event/global-pizza-party-ebonyi","","[8.0137302,6.2649232]"
"Ibadan","Nigeria","Africa","","https://t.me/+muLqtAzxjSM3YmE5","https://app.unlock-protocol.com/event/global-pizza-party-ibadan-17 ","","[3.9470396,7.3775355]"
"Kaduna","Nigeria","Africa","","https://t.me/+dGo4dci6qPRlZWJh","https://app.unlock-protocol.com/event/global-pizza-party-kaduna","","[7.4337395,10.503644]"
"Keffi","Nigeria","Africa","","https://t.me/+mM8wP6FZZFZmOWIx","https://app.unlock-protocol.com/event/global-pizza-party-nasarawa-1","","[7.8776023,8.8471213]"
"Kwara","Nigeria","Africa","https://t.me/PIPSY_CONCEPT","https://t.me/+fznrs_gQK7o4Yzc0","https://app.unlock-protocol.com/event/global-pizza-party-kwara-city-1","","[4.3874051,8.9668961]"
"Lokoja City","Nigeria","Africa","","https://t.me/+Ox5H1huZpjdiMjUx","https://app.unlock-protocol.com/event/global-pizza-party-lokoja-city-25","","[6.733343,7.8023204]"
"Markudi","Nigeria","Africa","","https://t.me/+TUg3_mBiHac1OWFk","https://app.unlock-protocol.com/event/global-pizza-party-35","","[8.539144,7.7321516]"
"Osogbo","Nigeria","Africa","","https://t.me/+uhZa8PpO4wg0Yzkx","https://app.unlock-protocol.com/event/global-pizza-party-osogbo","","[4.5418141,7.7826709]"
"Owerri","Nigeria","Africa","","","https://app.unlock-protocol.com/event/global-pizza-party-owerri","","[7.0390904,5.5096455]"
"Abeokuta","Nigeria","Africa","","https://t.me/+1C2aJzTdDqZiZWYx","https://app.unlock-protocol.com/event/global-pizza-party-abeokuta","","[3.3619356,7.147502]"
"Abuja","Nigeria","Africa","https://t.me/leomofthings","https://t.me/+PSiwGnJpLvo1NTJh","https://app.unlock-protocol.com/event/global-pizza-party-nigeria-abuja-16","","[7.4985259,9.0562646]"
"Akure","Nigeria","Africa","","https://t.me/+27ihEo3GGq1kMzdh","https://app.unlock-protocol.com/event/global-pizza-party-akure","","[5.2057909,7.2571325]"
"Anambra","Nigeria","Africa","","https://t.me/+nFsu2DXq_y5jZDQx","https://app.unlock-protocol.com/event/global-pizza-party-anambra-2025","","[6.9369559,6.2208997]"
"Benin City","Nigeria","Africa","","https://t.me/+qSuotV0sPglmMDZh","https://app.unlock-protocol.com/event/global-bitcoin-pizza-day-edo","","[5.6037465,6.334986]"
"Enugu City","Nigeria","Africa","https://t.me/decentralizedceo","https://t.me/+FN-o8aMZhjJmOTcx","https://app.unlock-protocol.com/event/global-pizza-party-enugu-2025","","[7.5138947,6.4482701]"
"Ijoko","Nigeria","Africa","","https://t.me/+CKxe32vDKyVkMDcx","https://app.unlock-protocol.com/event/ijoko-global-pizza-party","","[3.2666287,6.7429921]"
"Lagos","Nigeria","Africa","https://t.me/moyin_g12","https://t.me/+zOdAqKYVfYZjYTMx","https://app.unlock-protocol.com/event/global-pizza-party-3","","[3.3552568,6.6137395]"
"Nsukka","Nigeria","Africa","","https://t.me/+rTpcAPYAHikyMzkx","https://app.unlock-protocol.com/event/global-pizza-party-nsukka","","[7.3732655,6.8429422]"
"Port Harcourt","Nigeria","Africa","https://t.me/Tu_kpe","https://t.me/+s4A7qfjC6ZxhYTY5","https://app.unlock-protocol.com/event/bitcoin-pizza-day-ph-1","","[6.974604,4.8472226]"
"Warri","Nigeria","Africa","","https://t.me/+le84XK42P_RmOGEx","https://app.unlock-protocol.com/event/global-pizza-party-delta","","[5.7665824,5.5493807]"
"Yenagoa","Nigeria","Africa","https://t.me/Tekesticater","https://t.me/+yZkp7kEtqVNiOWVh","https://app.unlock-protocol.com/event/global-bitcoin-pizza-day-bayelsa","https://drive.google.com/drive/folders/1gkENkr2PkaQj1VvebMpod6Dr3sLfTBbv?usp=share_link","[6.3491975,4.9514468]"
"Kristiansand","Norway","Western Europe","","https://t.me/+6h3xXZDKYIpkYTQx","","","[8.0182064,58.1599119]"
"Oslo","Norway","Western Europe","","","https://app.unlock-protocol.com/event/global-pizza-party-oslo-2","","[10.7312704,59.9121746]"
"Svalbard","Norway","Western Europe","","https://t.me/+Dz5rMEexZP4yMmMx","","","[20.9751822,77.8749725]"
"Vennesla","Norway","Western Europe","","https://t.me/+GlSGeUpKgcAyZDhh","","","[7.8096552,58.3392091]"
"Islamabad","Pakistan","Asia","","https://t.me/+kVImvt5_UfY3NTIx","https://app.unlock-protocol.com/event/global-pizza-party-islamabad-1","","[73.036187,33.699619]"
"Lahore","Pakistan","Asia","","https://t.me/+yS7riBYRgTEyNzdl","https://app.unlock-protocol.com/event/pizza-party-lahore","","[74.3587473,31.5203696]"
"Karachi","Pakistan","Middle East","https://t.me/pikapika619","https://t.me/+i2EUTOxcpf41MTAx","https://app.unlock-protocol.com/event/global-pizza-party-karachi-2025-9","https://drive.google.com/drive/folders/1rNk0d5a6U1IfIXaFReQFCa2lW9RCPWBR?usp=share_link","[67.0011364,24.8607343]"
"Larkana","Pakistan ","Middle East","https://t.me/muhammadnadeem78600","https://t.me/+erfvIwA0KThmYWRk","","","[68.2027616,27.5570498]"
"Koror","Palau","Asia","","https://t.me/+NmeGQAD1m_EzN2Qx","","","[134.4889469,7.3375646]"
"Panama City","Panama","Central America","https://offchain.social/","https://t.me/+hhdQmJ8qtiE5ZTE5","https://app.unlock-protocol.com/event/global-pizza-party-panama-city","https://drive.google.com/drive/folders/14nFy4CxK2UmsTzP5310Sv8rdp53PPZ7b?usp=drive_link","[-79.5198696,8.9823792]"
"Asunción","Paraguay ","South America","","","","","[-57.6212403,-25.2748416]"
"Huancayo","Peru","South America","https://x.com/CesarLoredoPE","https://t.me/+KPSP3rqp-A4zYzFh","https://app.unlock-protocol.com/event/global-pizza-party-huancayo ","https://drive.google.com/drive/folders/114dTWg_mc3O6e_hF5akNKyLuDJ0bodb5?usp=drive_link","[-75.2102976,-12.0686357]"
"Lima","Peru","South America","https://x.com/Valeskarzegarra","https://t.me/+8QnRNKTE77Q5YzBh","https://app.unlock-protocol.com/event/global-pizza-party-lima","https://drive.google.com/drive/folders/1Q_ItZRU26Ce3koazzm3x859r8flALiyO?usp=drive_link","[-77.0430886,-12.0466888]"
"Cuzco","Peru","South America","https://x.com/jnolascob","https://t.me/+M1MwSfps-WU5MjMx","https://app.unlock-protocol.com/event/global-pizza-party-cusco-5","https://drive.google.com/drive/folders/13-smphTYt0URukWCANhrKKivb_t4SPKD?usp=drive_link ","[-71.9674626,-13.53195]"
"Piura","Peru","South America","","","https://app.unlock-protocol.com/event/global-pizza-party-piura","","[-80.6548882,-5.1782884]"
"Trujillo","Peru","South America","https://twitter.com/ivannalen_la","https://t.me/+AW5F96Tf7hljZjIx","https://app.unlock-protocol.com/event/global-pizza-party-trujillo-6","https://drive.google.com/drive/folders/1saJo8xkFEkz7NxWPaMsjla1lByDi6iGu?usp=drive_link","[-79.0257381,-8.1157846]"
"Aklan","Philippines","Asia","","https://t.me/+KKgvymkDMcY5NTMx","https://app.unlock-protocol.com/event/global-pizza-party-aklan","","[122.0941541,11.8166109]"
"Baguio","Philippines","Asia","","https://t.me/+iwBMQ2xqQGEyNDUx","","","[120.5913973,16.4129692]"
"Boracay","Philippines","Asia","","https://t.me/+DuZu8iHM1e5lMWQ5","","","[121.924815,11.9673753]"
"Cebu City","Philippines","Asia","","https://t.me/+8ziIJeUO4nM0YzQx","","https://drive.google.com/drive/folders/1UQjbhYmbtul-aTPvZ4JBUs2L_44Di38H?usp=share_link","[123.9021934,10.2926115]"
"Davao City","Philippines","Asia","","https://t.me/+MO6VmWLSv79mYTQx","","","[125.6088427,7.0647456]"
"General Santos","Philippines","Asia","","https://t.me/+VJz3dGazUJY2OWEx","https://app.unlock-protocol.com/event/global-pizza-party-general-santos","","[125.1928634,6.1432733]"
"Ilocos","Philippines","Asia","","https://t.me/+2QFwSwwGjOE0Zjgx","https://app.unlock-protocol.com/event/global-pizza-party-ilocos-1","","[120.6199895,16.0832144]"
"Laguna","Philippines","Asia","","https://t.me/+YwfqXDBQO945NTg5","https://app.unlock-protocol.com/event/global-pizza-party-laguna","","[121.4691774,14.1406629]"
"Las Pinas","Philippines","Asia","","https://t.me/+icY-CNtpn-g4MDhh","https://app.unlock-protocol.com/event/global-pizza-party-las-pinas","","[120.9818609,14.449342]"
"Manila","Philippines","Asia","https://t.me/MarkXSpaces","https://t.me/+4FkaReqixsA0MjMx","https://app.unlock-protocol.com/event/global-pizza-party-manila","https://drive.google.com/drive/folders/1UQjbhYmbtul-aTPvZ4JBUs2L_44Di38H?usp=share_link","[120.984234,14.5995133]"
"Paranaque","Philippines","Asia","","https://t.me/+sEalu6O9iVgyYzUx","","","[121.0198469,14.4792946]"
"Quezon","Philippines","Asia","","https://t.me/+39EiWfztZz9lNTMx","https://app.unlock-protocol.com/event/global-pizza-party-quezon","","[121.947311,13.9346903]"
"Siargao","Philippines","Asia","","https://t.me/+NRd6vXyPQlk2Y2Ex","","","[126.0458437,9.8481883]"
"Siquijor","Philippines","Asia","","https://t.me/+qmG5rFJdwZw0Yjhh","","","[123.5951925,9.1998779]"
"Tomas Morato","Philippines","Asia","","https://t.me/+fy7tqrfr_qA4Mjdh","https://app.unlock-protocol.com/event/global-pizza-party-tomas-morato","","[121.0346578,14.6316736]"
"Vigan/Ilocos","Philippines","Asia","","https://t.me/+nP4nS8c2AbRlMTRh","","","[120.3878129,17.564853]"
"San Carlos","Philippines","Asia","","https://t.me/+2Py-LpPVjQg3NmYx","https://app.unlock-protocol.com/event/global-pizza-party-san-carlos-city","","[123.4193985,10.4826476]"
"Krakow","Poland","Eastern Europe","","https://t.me/+IG1kLGKIt3IzNjUx","","","[19.9449799,50.0646501]"
"Warsaw","Poland","Eastern Europe","https://t.me/mikismer","https://t.me/+pI53T5LHWfdhMjgx","https://app.unlock-protocol.com/event/global-pizza-party-warsaw-2","https://drive.google.com/drive/folders/1gkENkr2PkaQj1VvebMpod6Dr3sLfTBbv?usp=share_link","[21.0122287,52.2296756]"
"Lisbon","Portugal","Western Europe","Andrea & Jonathan","https://t.me/+IsepskfDTyZmNWYx","https://app.unlock-protocol.com/event/global-pizza-party-lisbon-1","https://drive.google.com/drive/folders/1i61ebnrR8YrAeKRY00JfyiyuwXCU_aOb?usp=share_link","[-9.1393366,38.7222524]"
"Loule","Portugal","Western Europe","@MyTGNameIs","https://t.me/+Kf0xXoADzPRjMGIx","","","[-8.020216,37.1379187]"
"San Juan","Puerto Rico","Central America","https://t.me/therealminkim","https://t.me/+p81KaKF0bfk0Njkx","https://app.unlock-protocol.com/event/global-pizza-party-san-juan","","[-66.0593509,18.4153108]"
"Guaynabo","Puerto Rico","Central America","https://x.com/0xKaroShow","https://t.me/+O1xdPZNptj0wNmUx","https://app.unlock-protocol.com/event/global-pizza-party-guaynabo-city-4 ","https://drive.google.com/drive/folders/1bK5snWl_fTlLhHqRIEJ1SHNjP65zVqqq?usp=drive_link","[-66.1058343,18.3260175]"
"Doha","Qatar","Middle East","Hassan Amin","https://t.me/+X1RVyILxrZMzM2Zh","https://app.unlock-protocol.com/event/global-pizza-party-doha","https://drive.google.com/drive/folders/17WpRlJ0Z9kaq2aqyDw8WUi1x-_A4HW78?usp=sharing","[51.5310398,25.2854473]"
"Santo Domingo","Rep.Dominicana","Central America","","https://t.me/+FVnbLNBt28Y3MjIx","","","[-69.9360924,18.4626178]"
"Bucharest","Romania","Eastern Europe","@iandreeacia","https://t.me/+_PBg32ciHDU2NWRh","https://app.unlock-protocol.com/event/global-pizza-party-bucharest","https://drive.google.com/drive/folders/1FOZQQMiLN2BVYnsBuB6TJ0_HmBVMPca0?usp=sharing","[26.1025384,44.4267674]"
"Cluj","Romania","Eastern Europe","","https://t.me/+gGrrM1kdJrgyNTc0","https://app.unlock-protocol.com/event/eth-cluj-x-pizza-dao-global-pizza-party","","[23.6236353,46.7712101]"
"Craiova","Romania","Eastern Europe","https://t.me/degen1991","https://t.me/+pwlLgytvbYE5Zjdk","https://app.unlock-protocol.com/event/global-pizza-party-craiova-9","","[23.7948808,44.3301785]"
"Moscow","Russia","Eastern Europe","","https://t.me/+X1M7zABbNdxiNWMy","https://app.unlock-protocol.com/event/global-pizza-party-moscow","","[37.6150527,55.7568721]"
"Petrozavodsk","Russia","Eastern Europe","","https://t.me/+mY5K44qlxTQzYWM5","https://app.unlock-protocol.com/event/global-pizza-party-in-petrozavodsk-progress-club-1","","[34.3640396,61.7781617]"
"Saint Petersburg","Russia","Eastern Europe","https://t.me/itsvikvm","https://t.me/+uhteIo_oAbtjOTgx","https://app.unlock-protocol.com/event/global-pizza-party-st-petersburg","","[30.3609097,59.9310584]"
"Kigali","Rwanda","Africa","https://t.me/MunyaweraFils","https://t.me/+08IUt0my5kI5MzZk","https://app.unlock-protocol.com/event/global-pizza-party-kigali-2025-4","","[30.0619,-1.9441]"